,age,income,score,zipcode,city
0,34.0,0.8125,0.6538461538461533,90210,Beverly
1,45.0,0.625,1.0,10001,New York
2,29.0,0.0,0.5961538461538458,60614,Chicago
3,50.0,1.0,0.4230769230769229,94103,SF
4,38.0,0.625,0.8846153846153841,73301,Austin
5,39.5,0.625,0.0,12345,Unknown
6,41.0,0.4375,0.5384615384615383,94105,San Francisco
