category,sum,mean
A,46,11.5
B,47,15.666666666666666
C,83,27.666666666666668
